id,nom,superfamille,famille,etat,début,fin,sequence,reference
1,OR10A,OR,10,fonctionnel,4851793,4852366,ATGCCCAGTGAAGTCCTGGGCAGAAGAATGATGTGGGAAAACTGGACAATTGTCAGTGAATTTGTTCTCGTGAGCTTCTCAGCCCTGTCCACTGAGCTTCAGGCTCTACTGTTTCTCCTTTTCTTGACCATTTACTTGGTTACTTTAATGGGCAATGTCCTCATCATCCTGGTCACTATAGCTGACTCTGCACTACAAAGTCCTATGTACTTCTTCCTCAGAAACTTGTCCTTCCTGGAGATAGGTTTCAACTTGGTCATTGTGCCCAAGATGCTGGGGACCCTGATCATTCAAGACACAACCATCTCCTTCCTTGGATGTGCCACTCAGATGTATTTCTTCTTCTTTTTTGGGGCTGCTGAGTGCTGCCTCCTGGCCACCATGGCATATGACCGCTACGTGGCCATCTGTGACCCCTTGCACTACCCAGTCATCATGGGCCACATATCCTGTGCCCAGCTGGCAGCTGCCTCTTGGTTCTCAGGGTTTTCAGTGGCCACTGTGCAAACCACATGGATTTTCAGTTTCCCTTTTTGTGGCCCCAACAGGGTGAACCACTTCTTCTGTGACAGCCCTCCTGTTATTGCACTGGTCTGTGCTGACACCTCTGTGTTTGAACTGGAGGCTCTGACAGCCACTGTCCTATTCATTCTCTTTCCTTTCTTGCTGATCCTGGGATCCTATGTCCGCATCCTCTCCACTATCTTCAGGATGCCGTCAGCTGAGGGGAAACATCAGGCATTCTCCACCTGTTCCGCCCACCTCTTGGTTGTCTCTCTCTTCTATAGCACTGCCATCCTCACGTATTTCCGACCCCAATCCAGTGCCTCTTCTGAGAGCAAGAAGCTGCTGTCACTCTCTTCCACAGTGGTGACTCCCATGTTGAACCCCATCATCTACAGCTCAAGGAATAAAGAAGTGAAGGCTGCACTGAAGCGGCTTATCCACAGGACCCTGGGCTCTCAGAAACTA,1
2,ORA3A,OR,3,pseudogéne,,,ATGCCCAGTGAAGTCCTGGGCAGAAGAATGATGTGGGAAAACTGGACAATTGTCAGTGAATTTGTTCTCGTGAGCTTCTCAGCCCTGTCCACTGAGCTTCAGGCTCTACTGTTTCTCCTTTTCTTGACCATTTACTTGGTTACTTTAATGGGCAATGTCCTCATCATCCTGGTCACTATAGCTGACTCTGCACTACAAAGTCCTATGTACTTCTTCCTCAGAAACTTGTCCTTCCTGGAGATAGGTTTCAACTTGGTCATTGTGCCCAAGATGCTGGGGACCCTGATCATTCAAGACACAACCATCTCCTTCCTTGGATGTGCCACTCAGATGTATTTCTTCTTCTTTTTTGGGGCTGCTGAGTGCTGCCTCCTGGCCACCATGGCATATGACCGCTACGTGGCCATCTGTGACCCCTTGCACTACCCAGTCATCATGGGCCACATATCCTGTGCCCAGCTGGCAGCTGCCTCTTGGTTCTCAGGGTTTTCAGTGGCCACTGTGCAAACCACATGGATTTTCAGTTTCCCTTTTTGTGGCCCCAACAGGGTGAACCACTTCTTCTGTGACAGCCCTCCTGTTATTGCACTGGTCTGTGCTGACACCTCTGTGTTTGAACTGGAGGCTCTGACAGCCACTGTCCTATTCATTCTCTTTCCTTTCTTGCTGATCCTGGGATCCTATGTCCGCATCCTCTCCACTATCTTCAGGATGCCGTCAGCTGAGGGGAAACATCAGGCATTCTCCACCTGTTCCGCCCACCTCTTGGTTGTCTCTCTCTTCTATAGCACTGCCATCCTCACGTATTTCCGACCCCAATCCAGTGCCTCTTCTGAGAGCAAGAAGCTGCTGTCACTCTCTTCCACAGTGGTGACTCCCATGTTGAACCCCATCATCTACAGCTCAAGGAATAAAGAAGTGAAGGCTGCACTGAAGCGGCTTATCCACAGGACCCTGGGCTCTCAGAAACTA,2
3,gene_presque,OR,5,fonctionnel,,,ATGGAGCCAGAAGCTGGGACCAATAGGACCGCTGTTGCTGAGTTCATTCTACTGGGCCTAGTGCAAACAGAAGAGATGCAGCCAGTTGTCTTTGTGCTCCTCCTCTTTGCCTATCTGGTCACAACTGGGGGCAACCTCAGCATCCTGGCAGCCGTCTTGGTGGAGCCCAAACTCCACGCCCCCATGTACTTCTTCCTGGGGAACCTGTCAGTGCTGGATGTCGGATGTATCACTGTCACTGTTCCTGCAATGTTGGGTCGTCTCTTGTCCCACAAGTCCACAATTTCCTATGACGCCTGCCTCTCCCAGCTCTTCTTCTTCCACCTTCTGGCTGGGATGGACTGCTTCCTGCTGACCGCCATGGCCTATGACCGACTCCTGGCCATCTGCCAGCCCCTCACCTACAGCACCCGCATGAGTCAGACAGTCCAGAGGATGTTGGTGGCTGCGTCCTGGGCTTGTGCCTTCACCAACGCACTGACCCACACTGTGGCCATGTCCACGCTCAACTTCTGTGGCCCCAATGAGGTCAATCACTTCTACTGTGACCTCCCACAGCTCTTCCAGCTCTCCTGCTCCAGCACCCAACTCAATGAGCTGCTGCTCTTTGTAGCAGCAGCCTTCATGGCTGTGGCACCCTTGGTCTTCATCAGTGTGTCCTATGCCCATGTGGTAGCTGCTGTGCTGCAAATCCGCTCTGCTGAGGGCAGAAAGAAGGCCTTCTCCACATGTGGCTCCCACCTCACTGTGGTGGGCATCTTCTATGGGACAGGTGTCTTCAGCTACATGAGGCTGGGTTCAGTGGAATCTTCAGACAAGGATAAGGGGGTTGGGGTTTTCATGACTGTGATCAACCCCATGCTGAACCCACTTATCTACAGCCTCAGAAATACTGATGTTCAGGGCGCTCTGTGTCAGCTACTTGTGGGGAAGCGATCACTGACC,3
4,gene_exact,OR,11,pseudogéne,,,GAATGTGCCCGTCTGTCACCCTCTCCGCTACACCACCGTCATGATGCAGAGGCCGTGTGTGCTGCTGGTGGCTGGGTCCTGGACTCTCTCCTGTGGCAGTGCCCTTCTGCACACCCTCCTGCTGGCCCTGGTGTCCTTCTGGGCTGACAACATCATTCCCCACTTCTTCTGTAGCCTCCCCATCCTACTCAAGCTGTCCTGCTCAGACACCTCTCTTAATGAGTTGGTTATATTCACTGCAGGGGCTGCGGTTGTCATTCTTCCATTGACTGGCATCCTGGTCTCTTATGACCGCACTGGGGTCTCGATCCTGAAGGTCCCTTCTACCAAAAGGACCTGCAAGGCCCTGTCCATCTGCAGCTCCCACCTCTCTGTGGTGTCTCTATTCTATGGAATGATTATGGCACTGTACTTTTCCTCCTCATCGGGCAATTCCAATGACAAAGACATGATTGCCTCATCGATGTACACAGTGGTGACTCCCATGCTGAACCCCTTCATCTGTAGCCTTAGGAACAGAGACATGAAATTGGGTCTGGGGATTCTTTTCAGAAACAA,4
5,3A3.1:4861793-4862366,géne OR,OR3,pseudogéne,4861793,4862366,ATGCAGCCAGAATCTGGGGCCAATGGAACAGTCATTGCTGAGTTCATCCTGCTGGGCTTGCTGGAGGCGCCAGGGCTGCAGCCAGTTGTCTTTGTGCTCTTCCTCTTTGCCTACCTGGTCACGGTCAGGGGCAACCTCAGCATCCTGGCAGCTGTCTTGGTGGAGCCCAAACTCCACACCCCCATGTACTTCTTCCTGGGGAACCTATCAGTGCTGGATGTTGGGTGCATCAGCGTCACTGTTCCATCAATGTTGAGTCGTCTCCTGTCCCGCAAGCGTGCAGTTCCCTGTGGGGCCTGCCTTACCCAGCTCTTCTTCTTCCATCTGTTCGTTGGAGTGGACTGCTTCCTGCTGACCGCCATGGCCTATGACCGATTCCTGGCCATCTGCCGGCCCCTCACCTACAGCACCCGCATGAGTCAGACAGTCCAGAGGATGTTGGTGGCTGCGTCCTGGGCTTGTGCTTTCACCAACGCACTGACCCACACTGTGGCCATGTCCACGCTCAACTTCTGTGGCCCCAATGTGATCAATCACTTCTACTGTGACCTCCCACAGCTCTTCCAGCTCTCCTGCTCCAGCACCCAACTCAATGAGCTGCTGCTTTTTGCTGTGGGTTTTATAATGGCAGGTACCCCCATGGCTCTCATTGTCATCTCCTATATCCACGTGGCAGCTGCAGTCCTGCGAATTCGCTCTGTAGAGGGCAGGAAGAAAGCCTTCTCCACATGTGGCTCCCACCTCACTGTGGTTGCCATATTCTATGGTTCAGGTATCTTTAACTATATGCGACTGGGTTCAACCAAGCTTTCAGACAAGGATAAAGCTGTTGGAATTTTCAACACTGTCATCAATCCCATGCTGAACCCAATCATCTACAGCTTCAGAAACCCTGATGTGCAGAGTGCCATCTGGAGGATGCTCACAGGGAGGCGGTCACTGGCT,5
6,10A6.1:4851793-4852366,géne OR,OR10,fonctionnel,4851793,4852366,ATGCCCAGTGAAGTCCTGGGCAGAAGAATGATGTGGGAAAACTGGACAATTGTCAGTGAATTTGTTCTCGTGAGCTTCTCAGCCCTGTCCACTGAGCTTCAGGCTCTACTGTTTCTCCTTTTCTTGACCATTTACTTGGTTACTTTAATGGGCAATGTCCTCATCATCCTGGTCACTATAGCTGACTCTGCACTACAAAGTCCTATGTACTTCTTCCTCAGAAACTTGTCCTTCCTGGAGATAGGTTTCAACTTGGTCATTGTGCCCAAGATGCTGGGGACCCTGATCATTCAAGACACAACCATCTCCTTCCTTGGATGTGCCACTCAGATGTATTTCTTCTTCTTTTTTGGGGCTGCTGAGTGCTGCCTCCTGGCCACCATGGCATATGACCGCTACGTGGCCATCTGTGACCCCTTGCACTACCCAGTCATCATGGGCCACATATCCTGTGCCCAGCTGGCAGCTGCCTCTTGGTTCTCAGGGTTTTCAGTGGCCACTGTGCAAACCACATGGATTTTCAGTTTCCCTTTTTGTGGCCCCAACAGGGTGAACCACTTCTTCTGTGACAGCCCTCCTGTTATTGCACTGGTCTGTGCTGACACCTCTGTGTTTGAACTGGAGGCTCTGACAGCCACTGTCCTATTCATTCTCTTTCCTTTCTTGCTGATCCTGGGATCCTATGTCCGCATCCTCTCCACTATCTTCAGGATGCCGTCAGCTGAGGGGAAACATCAGGCATTCTCCACCTGTTCCGCCCACCTCTTGGTTGTCTCTCTCTTCTATAGCACTGCCATCCTCACGTATTTCCGACCCCAATCCAGTGCCTCTTCTGAGAGCAAGAAGCTGCTGTCACTCTCTTCCACAGTGGTGACTCCCATGTTGAACCCCATCATCTACAGCTCAAGGAATAAAGAAGTGAAGGCTGCACTGAAGCGGCTTATCCACAGGACCCTGGGCTCTCAGAAACTA,1
7,exact.1:4861793-4862366,géne OR,OR1,pseudogéne,4861793,4862366,GTATGTGGCCGTCTGTCACCCTCTCCGCTACACCACCGTCATGATGCAGAGGCCGTGTGTGCTGCTGGTGGCTGGGTCCTGGACTCTCTCCTGTGGCAGTGCCCTTCTGCACACCCTCCTGCTGGCCCTGGTGTCCTTCTGGGCTGACAACATCATTCCCCACTTCTTCTGTAGCCTCCCCATCCTACTCAAGCTGTCCTGCTCAGACACCTCTCTTAATGAGTTGGTTATATTCACTGCAGGGGCTGCGGTTGTCATTCTTCCATTGACTGGCATCCTGGTCTCTTATGACCGCACTGGGGTCTCGATCCTGAAGGTCCCTTCTACCAAAAGGACCTGCAAGGCCCTGTCCATCTGCAGCTCCCACCTCTCTGTGGTGTCTCTATTCTATGGAATGATTATGGCACTGTACTTTTCCTCCTCATCGGGCAATTCCAATGACAAAGACATGATTGCCTCATCGATGTACACAGTGGTGACTCCCATGCTGAACCCCTTCATCTGTAGCCTTAGGAACAGAGACATGAAATTGGGTCTGGGGATTCTTTTCAGAAACAA,4
8,3A3.1:4861793-4862366,géne OR,OR3,pseudogéne,4861793,4862366,ATGCAGCCAGAATCTGGGGCCAATGGAACAGTCATTGCTGAGTTCATCCTGCTGGGCTTGCTGGAGGCGCCAGGGCTGCAGCCAGTTGTCTTTGTGCTCTTCCTCTTTGCCTACCTGGTCACGGTCAGGGGCAACCTCAGCATCCTGGCAGCTGTCTTGGTGGAGCCCAAACTCCACACCCCCATGTACTTCTTCCTGGGGAACCTATCAGTGCTGGATGTTGGGTGCATCAGCGTCACTGTTCCATCAATGTTGAGTCGTCTCCTGTCCCGCAAGCGTGCAGTTCCCTGTGGGGCCTGCCTTACCCAGCTCTTCTTCTTCCATCTGTTCGTTGGAGTGGACTGCTTCCTGCTGACCGCCATGGCCTATGACCGATTCCTGGCCATCTGCCGGCCCCTCACCTACAGCACCCGCATGAGTCAGACAGTCCAGAGGATGTTGGTGGCTGCGTCCTGGGCTTGTGCTTTCACCAACGCACTGACCCACACTGTGGCCATGTCCACGCTCAACTTCTGTGGCCCCAATGTGATCAATCACTTCTACTGTGACCTCCCACAGCTCTTCCAGCTCTCCTGCTCCAGCACCCAACTCAATGAGCTGCTGCTTTTTGCTGTGGGTTTTATAATGGCAGGTACCCCCATGGCTCTCATTGTCATCTCCTATATCCACGTGGCAGCTGCAGTCCTGCGAATTCGCTCTGTAGAGGGCAGGAAGAAAGCCTTCTCCACATGTGGCTCCCACCTCACTGTGGTTGCCATATTCTATGGTTCAGGTATCTTTAACTATATGCGACTGGGTTCAACCAAGCTTTCAGACAAGGATAAAGCTGTTGGAATTTTCAACACTGTCATCAATCCCATGCTGAACCCAATCATCTACAGCTTCAGAAACCCTGATGTGCAGAGTGCCATCTGGAGGATGCTCACAGGGAGGCGGTCACTGGCT,5
9,10A6.1:4851793-4852366,géne OR,OR10,fonctionnel,4851793,4852366,ATGCCCAGTGAAGTCCTGGGCAGAAGAATGATGTGGGAAAACTGGACAATTGTCAGTGAATTTGTTCTCGTGAGCTTCTCAGCCCTGTCCACTGAGCTTCAGGCTCTACTGTTTCTCCTTTTCTTGACCATTTACTTGGTTACTTTAATGGGCAATGTCCTCATCATCCTGGTCACTATAGCTGACTCTGCACTACAAAGTCCTATGTACTTCTTCCTCAGAAACTTGTCCTTCCTGGAGATAGGTTTCAACTTGGTCATTGTGCCCAAGATGCTGGGGACCCTGATCATTCAAGACACAACCATCTCCTTCCTTGGATGTGCCACTCAGATGTATTTCTTCTTCTTTTTTGGGGCTGCTGAGTGCTGCCTCCTGGCCACCATGGCATATGACCGCTACGTGGCCATCTGTGACCCCTTGCACTACCCAGTCATCATGGGCCACATATCCTGTGCCCAGCTGGCAGCTGCCTCTTGGTTCTCAGGGTTTTCAGTGGCCACTGTGCAAACCACATGGATTTTCAGTTTCCCTTTTTGTGGCCCCAACAGGGTGAACCACTTCTTCTGTGACAGCCCTCCTGTTATTGCACTGGTCTGTGCTGACACCTCTGTGTTTGAACTGGAGGCTCTGACAGCCACTGTCCTATTCATTCTCTTTCCTTTCTTGCTGATCCTGGGATCCTATGTCCGCATCCTCTCCACTATCTTCAGGATGCCGTCAGCTGAGGGGAAACATCAGGCATTCTCCACCTGTTCCGCCCACCTCTTGGTTGTCTCTCTCTTCTATAGCACTGCCATCCTCACGTATTTCCGACCCCAATCCAGTGCCTCTTCTGAGAGCAAGAAGCTGCTGTCACTCTCTTCCACAGTGGTGACTCCCATGTTGAACCCCATCATCTACAGCTCAAGGAATAAAGAAGTGAAGGCTGCACTGAAGCGGCTTATCCACAGGACCCTGGGCTCTCAGAAACTA,1
10,exact.1:4861793-4862366,géne OR,OR1,pseudogéne,4861793,4862366,GTATGTGGCCGTCTGTCACCCTCTCCGCTACACCACCGTCATGATGCAGAGGCCGTGTGTGCTGCTGGTGGCTGGGTCCTGGACTCTCTCCTGTGGCAGTGCCCTTCTGCACACCCTCCTGCTGGCCCTGGTGTCCTTCTGGGCTGACAACATCATTCCCCACTTCTTCTGTAGCCTCCCCATCCTACTCAAGCTGTCCTGCTCAGACACCTCTCTTAATGAGTTGGTTATATTCACTGCAGGGGCTGCGGTTGTCATTCTTCCATTGACTGGCATCCTGGTCTCTTATGACCGCACTGGGGTCTCGATCCTGAAGGTCCCTTCTACCAAAAGGACCTGCAAGGCCCTGTCCATCTGCAGCTCCCACCTCTCTGTGGTGTCTCTATTCTATGGAATGATTATGGCACTGTACTTTTCCTCCTCATCGGGCAATTCCAATGACAAAGACATGATTGCCTCATCGATGTACACAGTGGTGACTCCCATGCTGAACCCCTTCATCTGTAGCCTTAGGAACAGAGACATGAAATTGGGTCTGGGGATTCTTTTCAGAAACAA,4
11,3A3.1:4861793-4862366,géne OR,OR3,pseudogéne,4861793,4862366,ATGCAGCCAGAATCTGGGGCCAATGGAACAGTCATTGCTGAGTTCATCCTGCTGGGCTTGCTGGAGGCGCCAGGGCTGCAGCCAGTTGTCTTTGTGCTCTTCCTCTTTGCCTACCTGGTCACGGTCAGGGGCAACCTCAGCATCCTGGCAGCTGTCTTGGTGGAGCCCAAACTCCACACCCCCATGTACTTCTTCCTGGGGAACCTATCAGTGCTGGATGTTGGGTGCATCAGCGTCACTGTTCCATCAATGTTGAGTCGTCTCCTGTCCCGCAAGCGTGCAGTTCCCTGTGGGGCCTGCCTTACCCAGCTCTTCTTCTTCCATCTGTTCGTTGGAGTGGACTGCTTCCTGCTGACCGCCATGGCCTATGACCGATTCCTGGCCATCTGCCGGCCCCTCACCTACAGCACCCGCATGAGTCAGACAGTCCAGAGGATGTTGGTGGCTGCGTCCTGGGCTTGTGCTTTCACCAACGCACTGACCCACACTGTGGCCATGTCCACGCTCAACTTCTGTGGCCCCAATGTGATCAATCACTTCTACTGTGACCTCCCACAGCTCTTCCAGCTCTCCTGCTCCAGCACCCAACTCAATGAGCTGCTGCTTTTTGCTGTGGGTTTTATAATGGCAGGTACCCCCATGGCTCTCATTGTCATCTCCTATATCCACGTGGCAGCTGCAGTCCTGCGAATTCGCTCTGTAGAGGGCAGGAAGAAAGCCTTCTCCACATGTGGCTCCCACCTCACTGTGGTTGCCATATTCTATGGTTCAGGTATCTTTAACTATATGCGACTGGGTTCAACCAAGCTTTCAGACAAGGATAAAGCTGTTGGAATTTTCAACACTGTCATCAATCCCATGCTGAACCCAATCATCTACAGCTTCAGAAACCCTGATGTGCAGAGTGCCATCTGGAGGATGCTCACAGGGAGGCGGTCACTGGCT,5
12,10A6.1:4851793-4852366,géne OR,OR10,fonctionnel,4851793,4852366,ATGCCCAGTGAAGTCCTGGGCAGAAGAATGATGTGGGAAAACTGGACAATTGTCAGTGAATTTGTTCTCGTGAGCTTCTCAGCCCTGTCCACTGAGCTTCAGGCTCTACTGTTTCTCCTTTTCTTGACCATTTACTTGGTTACTTTAATGGGCAATGTCCTCATCATCCTGGTCACTATAGCTGACTCTGCACTACAAAGTCCTATGTACTTCTTCCTCAGAAACTTGTCCTTCCTGGAGATAGGTTTCAACTTGGTCATTGTGCCCAAGATGCTGGGGACCCTGATCATTCAAGACACAACCATCTCCTTCCTTGGATGTGCCACTCAGATGTATTTCTTCTTCTTTTTTGGGGCTGCTGAGTGCTGCCTCCTGGCCACCATGGCATATGACCGCTACGTGGCCATCTGTGACCCCTTGCACTACCCAGTCATCATGGGCCACATATCCTGTGCCCAGCTGGCAGCTGCCTCTTGGTTCTCAGGGTTTTCAGTGGCCACTGTGCAAACCACATGGATTTTCAGTTTCCCTTTTTGTGGCCCCAACAGGGTGAACCACTTCTTCTGTGACAGCCCTCCTGTTATTGCACTGGTCTGTGCTGACACCTCTGTGTTTGAACTGGAGGCTCTGACAGCCACTGTCCTATTCATTCTCTTTCCTTTCTTGCTGATCCTGGGATCCTATGTCCGCATCCTCTCCACTATCTTCAGGATGCCGTCAGCTGAGGGGAAACATCAGGCATTCTCCACCTGTTCCGCCCACCTCTTGGTTGTCTCTCTCTTCTATAGCACTGCCATCCTCACGTATTTCCGACCCCAATCCAGTGCCTCTTCTGAGAGCAAGAAGCTGCTGTCACTCTCTTCCACAGTGGTGACTCCCATGTTGAACCCCATCATCTACAGCTCAAGGAATAAAGAAGTGAAGGCTGCACTGAAGCGGCTTATCCACAGGACCCTGGGCTCTCAGAAACTA,1
13,exact.1:4861793-4862366,géne OR,OR1,pseudogéne,4861793,4862366,GTATGTGGCCGTCTGTCACCCTCTCCGCTACACCACCGTCATGATGCAGAGGCCGTGTGTGCTGCTGGTGGCTGGGTCCTGGACTCTCTCCTGTGGCAGTGCCCTTCTGCACACCCTCCTGCTGGCCCTGGTGTCCTTCTGGGCTGACAACATCATTCCCCACTTCTTCTGTAGCCTCCCCATCCTACTCAAGCTGTCCTGCTCAGACACCTCTCTTAATGAGTTGGTTATATTCACTGCAGGGGCTGCGGTTGTCATTCTTCCATTGACTGGCATCCTGGTCTCTTATGACCGCACTGGGGTCTCGATCCTGAAGGTCCCTTCTACCAAAAGGACCTGCAAGGCCCTGTCCATCTGCAGCTCCCACCTCTCTGTGGTGTCTCTATTCTATGGAATGATTATGGCACTGTACTTTTCCTCCTCATCGGGCAATTCCAATGACAAAGACATGATTGCCTCATCGATGTACACAGTGGTGACTCCCATGCTGAACCCCTTCATCTGTAGCCTTAGGAACAGAGACATGAAATTGGGTCTGGGGATTCTTTTCAGAAACAA,4
14,3A3.1:4861793-4862366,géne OR,OR3,pseudogéne,4861793,4862366,ATGCAGCCAGAATCTGGGGCCAATGGAACAGTCATTGCTGAGTTCATCCTGCTGGGCTTGCTGGAGGCGCCAGGGCTGCAGCCAGTTGTCTTTGTGCTCTTCCTCTTTGCCTACCTGGTCACGGTCAGGGGCAACCTCAGCATCCTGGCAGCTGTCTTGGTGGAGCCCAAACTCCACACCCCCATGTACTTCTTCCTGGGGAACCTATCAGTGCTGGATGTTGGGTGCATCAGCGTCACTGTTCCATCAATGTTGAGTCGTCTCCTGTCCCGCAAGCGTGCAGTTCCCTGTGGGGCCTGCCTTACCCAGCTCTTCTTCTTCCATCTGTTCGTTGGAGTGGACTGCTTCCTGCTGACCGCCATGGCCTATGACCGATTCCTGGCCATCTGCCGGCCCCTCACCTACAGCACCCGCATGAGTCAGACAGTCCAGAGGATGTTGGTGGCTGCGTCCTGGGCTTGTGCTTTCACCAACGCACTGACCCACACTGTGGCCATGTCCACGCTCAACTTCTGTGGCCCCAATGTGATCAATCACTTCTACTGTGACCTCCCACAGCTCTTCCAGCTCTCCTGCTCCAGCACCCAACTCAATGAGCTGCTGCTTTTTGCTGTGGGTTTTATAATGGCAGGTACCCCCATGGCTCTCATTGTCATCTCCTATATCCACGTGGCAGCTGCAGTCCTGCGAATTCGCTCTGTAGAGGGCAGGAAGAAAGCCTTCTCCACATGTGGCTCCCACCTCACTGTGGTTGCCATATTCTATGGTTCAGGTATCTTTAACTATATGCGACTGGGTTCAACCAAGCTTTCAGACAAGGATAAAGCTGTTGGAATTTTCAACACTGTCATCAATCCCATGCTGAACCCAATCATCTACAGCTTCAGAAACCCTGATGTGCAGAGTGCCATCTGGAGGATGCTCACAGGGAGGCGGTCACTGGCT,5
15,10A6.1:4851793-4852366,géne OR,OR10,fonctionnel,4851793,4852366,ATGCCCAGTGAAGTCCTGGGCAGAAGAATGATGTGGGAAAACTGGACAATTGTCAGTGAATTTGTTCTCGTGAGCTTCTCAGCCCTGTCCACTGAGCTTCAGGCTCTACTGTTTCTCCTTTTCTTGACCATTTACTTGGTTACTTTAATGGGCAATGTCCTCATCATCCTGGTCACTATAGCTGACTCTGCACTACAAAGTCCTATGTACTTCTTCCTCAGAAACTTGTCCTTCCTGGAGATAGGTTTCAACTTGGTCATTGTGCCCAAGATGCTGGGGACCCTGATCATTCAAGACACAACCATCTCCTTCCTTGGATGTGCCACTCAGATGTATTTCTTCTTCTTTTTTGGGGCTGCTGAGTGCTGCCTCCTGGCCACCATGGCATATGACCGCTACGTGGCCATCTGTGACCCCTTGCACTACCCAGTCATCATGGGCCACATATCCTGTGCCCAGCTGGCAGCTGCCTCTTGGTTCTCAGGGTTTTCAGTGGCCACTGTGCAAACCACATGGATTTTCAGTTTCCCTTTTTGTGGCCCCAACAGGGTGAACCACTTCTTCTGTGACAGCCCTCCTGTTATTGCACTGGTCTGTGCTGACACCTCTGTGTTTGAACTGGAGGCTCTGACAGCCACTGTCCTATTCATTCTCTTTCCTTTCTTGCTGATCCTGGGATCCTATGTCCGCATCCTCTCCACTATCTTCAGGATGCCGTCAGCTGAGGGGAAACATCAGGCATTCTCCACCTGTTCCGCCCACCTCTTGGTTGTCTCTCTCTTCTATAGCACTGCCATCCTCACGTATTTCCGACCCCAATCCAGTGCCTCTTCTGAGAGCAAGAAGCTGCTGTCACTCTCTTCCACAGTGGTGACTCCCATGTTGAACCCCATCATCTACAGCTCAAGGAATAAAGAAGTGAAGGCTGCACTGAAGCGGCTTATCCACAGGACCCTGGGCTCTCAGAAACTA,1
16,exact.1:4861793-4862366,géne OR,OR1,pseudogéne,4861793,4862366,GTATGTGGCCGTCTGTCACCCTCTCCGCTACACCACCGTCATGATGCAGAGGCCGTGTGTGCTGCTGGTGGCTGGGTCCTGGACTCTCTCCTGTGGCAGTGCCCTTCTGCACACCCTCCTGCTGGCCCTGGTGTCCTTCTGGGCTGACAACATCATTCCCCACTTCTTCTGTAGCCTCCCCATCCTACTCAAGCTGTCCTGCTCAGACACCTCTCTTAATGAGTTGGTTATATTCACTGCAGGGGCTGCGGTTGTCATTCTTCCATTGACTGGCATCCTGGTCTCTTATGACCGCACTGGGGTCTCGATCCTGAAGGTCCCTTCTACCAAAAGGACCTGCAAGGCCCTGTCCATCTGCAGCTCCCACCTCTCTGTGGTGTCTCTATTCTATGGAATGATTATGGCACTGTACTTTTCCTCCTCATCGGGCAATTCCAATGACAAAGACATGATTGCCTCATCGATGTACACAGTGGTGACTCCCATGCTGAACCCCTTCATCTGTAGCCTTAGGAACAGAGACATGAAATTGGGTCTGGGGATTCTTTTCAGAAACAA,4
17,3A3.1:4861793-4862366,géne OR,OR3,pseudogéne,4861793,4862366,ATGCAGCCAGAATCTGGGGCCAATGGAACAGTCATTGCTGAGTTCATCCTGCTGGGCTTGCTGGAGGCGCCAGGGCTGCAGCCAGTTGTCTTTGTGCTCTTCCTCTTTGCCTACCTGGTCACGGTCAGGGGCAACCTCAGCATCCTGGCAGCTGTCTTGGTGGAGCCCAAACTCCACACCCCCATGTACTTCTTCCTGGGGAACCTATCAGTGCTGGATGTTGGGTGCATCAGCGTCACTGTTCCATCAATGTTGAGTCGTCTCCTGTCCCGCAAGCGTGCAGTTCCCTGTGGGGCCTGCCTTACCCAGCTCTTCTTCTTCCATCTGTTCGTTGGAGTGGACTGCTTCCTGCTGACCGCCATGGCCTATGACCGATTCCTGGCCATCTGCCGGCCCCTCACCTACAGCACCCGCATGAGTCAGACAGTCCAGAGGATGTTGGTGGCTGCGTCCTGGGCTTGTGCTTTCACCAACGCACTGACCCACACTGTGGCCATGTCCACGCTCAACTTCTGTGGCCCCAATGTGATCAATCACTTCTACTGTGACCTCCCACAGCTCTTCCAGCTCTCCTGCTCCAGCACCCAACTCAATGAGCTGCTGCTTTTTGCTGTGGGTTTTATAATGGCAGGTACCCCCATGGCTCTCATTGTCATCTCCTATATCCACGTGGCAGCTGCAGTCCTGCGAATTCGCTCTGTAGAGGGCAGGAAGAAAGCCTTCTCCACATGTGGCTCCCACCTCACTGTGGTTGCCATATTCTATGGTTCAGGTATCTTTAACTATATGCGACTGGGTTCAACCAAGCTTTCAGACAAGGATAAAGCTGTTGGAATTTTCAACACTGTCATCAATCCCATGCTGAACCCAATCATCTACAGCTTCAGAAACCCTGATGTGCAGAGTGCCATCTGGAGGATGCTCACAGGGAGGCGGTCACTGGCT,5
18,10A6.1:4851793-4852366,géne OR,OR10,fonctionnel,4851793,4852366,ATGCCCAGTGAAGTCCTGGGCAGAAGAATGATGTGGGAAAACTGGACAATTGTCAGTGAATTTGTTCTCGTGAGCTTCTCAGCCCTGTCCACTGAGCTTCAGGCTCTACTGTTTCTCCTTTTCTTGACCATTTACTTGGTTACTTTAATGGGCAATGTCCTCATCATCCTGGTCACTATAGCTGACTCTGCACTACAAAGTCCTATGTACTTCTTCCTCAGAAACTTGTCCTTCCTGGAGATAGGTTTCAACTTGGTCATTGTGCCCAAGATGCTGGGGACCCTGATCATTCAAGACACAACCATCTCCTTCCTTGGATGTGCCACTCAGATGTATTTCTTCTTCTTTTTTGGGGCTGCTGAGTGCTGCCTCCTGGCCACCATGGCATATGACCGCTACGTGGCCATCTGTGACCCCTTGCACTACCCAGTCATCATGGGCCACATATCCTGTGCCCAGCTGGCAGCTGCCTCTTGGTTCTCAGGGTTTTCAGTGGCCACTGTGCAAACCACATGGATTTTCAGTTTCCCTTTTTGTGGCCCCAACAGGGTGAACCACTTCTTCTGTGACAGCCCTCCTGTTATTGCACTGGTCTGTGCTGACACCTCTGTGTTTGAACTGGAGGCTCTGACAGCCACTGTCCTATTCATTCTCTTTCCTTTCTTGCTGATCCTGGGATCCTATGTCCGCATCCTCTCCACTATCTTCAGGATGCCGTCAGCTGAGGGGAAACATCAGGCATTCTCCACCTGTTCCGCCCACCTCTTGGTTGTCTCTCTCTTCTATAGCACTGCCATCCTCACGTATTTCCGACCCCAATCCAGTGCCTCTTCTGAGAGCAAGAAGCTGCTGTCACTCTCTTCCACAGTGGTGACTCCCATGTTGAACCCCATCATCTACAGCTCAAGGAATAAAGAAGTGAAGGCTGCACTGAAGCGGCTTATCCACAGGACCCTGGGCTCTCAGAAACTA,1
19,exact.1:4861793-4862366,géne OR,OR1,pseudogéne,4861793,4862366,GTATGTGGCCGTCTGTCACCCTCTCCGCTACACCACCGTCATGATGCAGAGGCCGTGTGTGCTGCTGGTGGCTGGGTCCTGGACTCTCTCCTGTGGCAGTGCCCTTCTGCACACCCTCCTGCTGGCCCTGGTGTCCTTCTGGGCTGACAACATCATTCCCCACTTCTTCTGTAGCCTCCCCATCCTACTCAAGCTGTCCTGCTCAGACACCTCTCTTAATGAGTTGGTTATATTCACTGCAGGGGCTGCGGTTGTCATTCTTCCATTGACTGGCATCCTGGTCTCTTATGACCGCACTGGGGTCTCGATCCTGAAGGTCCCTTCTACCAAAAGGACCTGCAAGGCCCTGTCCATCTGCAGCTCCCACCTCTCTGTGGTGTCTCTATTCTATGGAATGATTATGGCACTGTACTTTTCCTCCTCATCGGGCAATTCCAATGACAAAGACATGATTGCCTCATCGATGTACACAGTGGTGACTCCCATGCTGAACCCCTTCATCTGTAGCCTTAGGAACAGAGACATGAAATTGGGTCTGGGGATTCTTTTCAGAAACAA,4
20,3A3.1:4861793-4862366,géne OR,OR3,pseudogéne,4861793,4862366,ATGCAGCCAGAATCTGGGGCCAATGGAACAGTCATTGCTGAGTTCATCCTGCTGGGCTTGCTGGAGGCGCCAGGGCTGCAGCCAGTTGTCTTTGTGCTCTTCCTCTTTGCCTACCTGGTCACGGTCAGGGGCAACCTCAGCATCCTGGCAGCTGTCTTGGTGGAGCCCAAACTCCACACCCCCATGTACTTCTTCCTGGGGAACCTATCAGTGCTGGATGTTGGGTGCATCAGCGTCACTGTTCCATCAATGTTGAGTCGTCTCCTGTCCCGCAAGCGTGCAGTTCCCTGTGGGGCCTGCCTTACCCAGCTCTTCTTCTTCCATCTGTTCGTTGGAGTGGACTGCTTCCTGCTGACCGCCATGGCCTATGACCGATTCCTGGCCATCTGCCGGCCCCTCACCTACAGCACCCGCATGAGTCAGACAGTCCAGAGGATGTTGGTGGCTGCGTCCTGGGCTTGTGCTTTCACCAACGCACTGACCCACACTGTGGCCATGTCCACGCTCAACTTCTGTGGCCCCAATGTGATCAATCACTTCTACTGTGACCTCCCACAGCTCTTCCAGCTCTCCTGCTCCAGCACCCAACTCAATGAGCTGCTGCTTTTTGCTGTGGGTTTTATAATGGCAGGTACCCCCATGGCTCTCATTGTCATCTCCTATATCCACGTGGCAGCTGCAGTCCTGCGAATTCGCTCTGTAGAGGGCAGGAAGAAAGCCTTCTCCACATGTGGCTCCCACCTCACTGTGGTTGCCATATTCTATGGTTCAGGTATCTTTAACTATATGCGACTGGGTTCAACCAAGCTTTCAGACAAGGATAAAGCTGTTGGAATTTTCAACACTGTCATCAATCCCATGCTGAACCCAATCATCTACAGCTTCAGAAACCCTGATGTGCAGAGTGCCATCTGGAGGATGCTCACAGGGAGGCGGTCACTGGCT,5
21,10A6.1:4851793-4852366,géne OR,OR10,fonctionnel,4851793,4852366,ATGCCCAGTGAAGTCCTGGGCAGAAGAATGATGTGGGAAAACTGGACAATTGTCAGTGAATTTGTTCTCGTGAGCTTCTCAGCCCTGTCCACTGAGCTTCAGGCTCTACTGTTTCTCCTTTTCTTGACCATTTACTTGGTTACTTTAATGGGCAATGTCCTCATCATCCTGGTCACTATAGCTGACTCTGCACTACAAAGTCCTATGTACTTCTTCCTCAGAAACTTGTCCTTCCTGGAGATAGGTTTCAACTTGGTCATTGTGCCCAAGATGCTGGGGACCCTGATCATTCAAGACACAACCATCTCCTTCCTTGGATGTGCCACTCAGATGTATTTCTTCTTCTTTTTTGGGGCTGCTGAGTGCTGCCTCCTGGCCACCATGGCATATGACCGCTACGTGGCCATCTGTGACCCCTTGCACTACCCAGTCATCATGGGCCACATATCCTGTGCCCAGCTGGCAGCTGCCTCTTGGTTCTCAGGGTTTTCAGTGGCCACTGTGCAAACCACATGGATTTTCAGTTTCCCTTTTTGTGGCCCCAACAGGGTGAACCACTTCTTCTGTGACAGCCCTCCTGTTATTGCACTGGTCTGTGCTGACACCTCTGTGTTTGAACTGGAGGCTCTGACAGCCACTGTCCTATTCATTCTCTTTCCTTTCTTGCTGATCCTGGGATCCTATGTCCGCATCCTCTCCACTATCTTCAGGATGCCGTCAGCTGAGGGGAAACATCAGGCATTCTCCACCTGTTCCGCCCACCTCTTGGTTGTCTCTCTCTTCTATAGCACTGCCATCCTCACGTATTTCCGACCCCAATCCAGTGCCTCTTCTGAGAGCAAGAAGCTGCTGTCACTCTCTTCCACAGTGGTGACTCCCATGTTGAACCCCATCATCTACAGCTCAAGGAATAAAGAAGTGAAGGCTGCACTGAAGCGGCTTATCCACAGGACCCTGGGCTCTCAGAAACTA,1
22,exact.1:4861793-4862366,géne OR,OR1,pseudogéne,4861793,4862366,GTATGTGGCCGTCTGTCACCCTCTCCGCTACACCACCGTCATGATGCAGAGGCCGTGTGTGCTGCTGGTGGCTGGGTCCTGGACTCTCTCCTGTGGCAGTGCCCTTCTGCACACCCTCCTGCTGGCCCTGGTGTCCTTCTGGGCTGACAACATCATTCCCCACTTCTTCTGTAGCCTCCCCATCCTACTCAAGCTGTCCTGCTCAGACACCTCTCTTAATGAGTTGGTTATATTCACTGCAGGGGCTGCGGTTGTCATTCTTCCATTGACTGGCATCCTGGTCTCTTATGACCGCACTGGGGTCTCGATCCTGAAGGTCCCTTCTACCAAAAGGACCTGCAAGGCCCTGTCCATCTGCAGCTCCCACCTCTCTGTGGTGTCTCTATTCTATGGAATGATTATGGCACTGTACTTTTCCTCCTCATCGGGCAATTCCAATGACAAAGACATGATTGCCTCATCGATGTACACAGTGGTGACTCCCATGCTGAACCCCTTCATCTGTAGCCTTAGGAACAGAGACATGAAATTGGGTCTGGGGATTCTTTTCAGAAACAA,4
